Class Name,Predicted Class
ISIC_0006193,2
ISIC_0013012,2
ISIC_0014619,5
ISIC_0015060,2
ISIC_0000338,2
ISIC_0016033,2
ISIC_0016044,2
ISIC_0010449,2
ISIC_0013867,1
ISIC_0013572,1
ISIC_0015999,2
ISIC_0010864,2
ISIC_0013980,5
ISIC_0001190,2
ISIC_0010558,2
ISIC_0000009,2
ISIC_0013517,2
ISIC_0000489,2
ISIC_0016059,2
ISIC_0010497,2
ISIC_0015161,2
ISIC_0011374,1
ISIC_0014833,2
ISIC_0013970,2
ISIC_0012425,1
ISIC_0009885,2
ISIC_0010044,2
ISIC_0015418,2
ISIC_0012320,2
ISIC_0009945,2
ISIC_0015998,2
ISIC_0001148,1
ISIC_0013200,5
ISIC_0000412,1
ISIC_0014839,2
ISIC_0014812,2
ISIC_0000233,2
ISIC_0014573,5
ISIC_0013891,2
ISIC_0012961,2
ISIC_0000313,1
ISIC_0013969,1
ISIC_0000332,2
ISIC_0015476,2
ISIC_0010063,2
ISIC_0012455,5
ISIC_0000325,2
ISIC_0010473,2
ISIC_0010332,2
ISIC_0000192,2
ISIC_0015026,2
ISIC_0015965,2
ISIC_0010863,1
ISIC_0010380,1
ISIC_0000231,2
ISIC_0015991,2
ISIC_0000385,2
ISIC_0013417,2
ISIC_0002836,2
ISIC_0014846,2
ISIC_0000287,1
ISIC_0013553,2
ISIC_0015443,2
ISIC_0000544,2
ISIC_0010182,2
ISIC_0012445,2
ISIC_0012521,2
ISIC_0013898,2
ISIC_0012508,2
ISIC_0015176,2
ISIC_0015158,5
ISIC_0013275,2
ISIC_0011315,1
ISIC_0010574,2
ISIC_0000293,1
ISIC_0012806,2
ISIC_0014476,1
ISIC_0009964,2
ISIC_0011324,2
ISIC_0003657,2
ISIC_0010234,2
ISIC_0011360,2
ISIC_0000339,2
ISIC_0010368,2
ISIC_0013837,2
ISIC_0013378,2
ISIC_0014637,5
ISIC_0011151,1
ISIC_0014366,1
ISIC_0012902,5
ISIC_0010607,2
ISIC_0000253,2
ISIC_0011090,2
ISIC_0000034,2
ISIC_0012314,5
ISIC_0015383,2
ISIC_0014587,5
ISIC_0016070,2
ISIC_0001442,2
ISIC_0000528,2
ISIC_0010477,2
ISIC_0014982,1
ISIC_0014438,2
ISIC_0016006,2
ISIC_0014190,1
ISIC_0015298,2
ISIC_0010006,2
ISIC_0012659,2
ISIC_0011372,2
ISIC_0000008,2
ISIC_0000483,2
ISIC_0015171,2
ISIC_0012888,2
ISIC_0013010,2
ISIC_0010335,2
ISIC_0016036,2
ISIC_0015020,2
ISIC_0013079,1
ISIC_0000540,2
ISIC_0010447,2
ISIC_0014853,2
ISIC_0013193,2
ISIC_0013258,1
ISIC_0013512,2
ISIC_0009958,2
ISIC_0014164,2
ISIC_0000217,2
ISIC_0012263,2
ISIC_0000139,1
ISIC_0013981,5
ISIC_0009998,2
ISIC_0000245,2
ISIC_0011297,2
ISIC_0014076,1
ISIC_0014862,1
ISIC_0014684,2
ISIC_0012883,2
ISIC_0012372,5
ISIC_0000045,2
ISIC_0010348,2
ISIC_0012187,2
ISIC_0016022,2
ISIC_0015232,2
ISIC_0000444,1
ISIC_0012976,2
ISIC_0014255,1
ISIC_0001105,1
ISIC_0009990,2
ISIC_0002107,2
ISIC_0009921,2
ISIC_0014290,1
ISIC_0012089,2
ISIC_0010334,2
ISIC_0013090,2
ISIC_0000443,2
ISIC_0014393,5
ISIC_0012246,2
ISIC_0013597,2
ISIC_0010854,2
ISIC_0009869,2
ISIC_0013554,2
ISIC_0010589,2
ISIC_0011229,2
ISIC_0014771,2
ISIC_0009923,2
ISIC_0010463,2
ISIC_0015144,2
ISIC_0015146,2
ISIC_0000555,1
ISIC_0015044,5
ISIC_0007796,2
ISIC_0010350,1
ISIC_0014089,2
ISIC_0013525,1
ISIC_0007332,2
ISIC_0014745,2
ISIC_0002673,2
ISIC_0012683,2
ISIC_0011168,2
ISIC_0010358,1
ISIC_0000295,1
ISIC_0015947,2
ISIC_0013651,1
ISIC_0014624,5
ISIC_0015955,2
ISIC_0010588,2
ISIC_0009948,2
ISIC_0000556,2
ISIC_0013561,2
ISIC_0014490,2
ISIC_0014698,2
ISIC_0012880,5
ISIC_0011363,2
ISIC_0010466,1
ISIC_0014907,2
ISIC_0014546,1
ISIC_0011170,2
ISIC_0010847,2
ISIC_0010458,2
ISIC_0000360,2
ISIC_0016060,2
ISIC_0000263,2
ISIC_0014820,2
ISIC_0009902,2
ISIC_0001769,2
ISIC_0010857,2
ISIC_0000434,1
ISIC_0014763,2
ISIC_0009504,2
ISIC_0000023,2
ISIC_0000264,2
ISIC_0015468,2
ISIC_0000132,2
ISIC_0000228,2
ISIC_0013201,2
ISIC_0014748,2
ISIC_0000522,1
ISIC_0014883,1
ISIC_0012758,1
ISIC_0012135,2
ISIC_0013205,2
ISIC_0011362,2
ISIC_0000999,2
ISIC_0015237,2
ISIC_0010576,1
ISIC_0015986,2
ISIC_0013087,2
ISIC_0012160,2
ISIC_0013807,2
ISIC_0014029,5
ISIC_0014069,2
ISIC_0014948,2
ISIC_0012417,5
ISIC_0000276,1
ISIC_0002438,2
ISIC_0000199,2
ISIC_0000200,2
ISIC_0015224,2
ISIC_0010326,2
ISIC_0014760,2
ISIC_0014854,2
ISIC_0011211,2
ISIC_0014498,2
ISIC_0000088,2
ISIC_0010013,2
ISIC_0014609,5
ISIC_0011378,2
ISIC_0013369,2
ISIC_0000391,2
ISIC_0010856,2
ISIC_0012744,2
ISIC_0014440,2
ISIC_0005787,2
ISIC_0014964,2
ISIC_0015250,2
ISIC_0013052,5
ISIC_0011210,1
ISIC_0012793,2
ISIC_0014937,2
ISIC_0000148,1
ISIC_0014807,2
ISIC_0014825,2
ISIC_0014059,1
ISIC_0013896,2
ISIC_0000227,2
ISIC_0002871,2
ISIC_0015032,5
ISIC_0013819,2
ISIC_0008528,2
ISIC_0016028,2
ISIC_0015157,2
ISIC_0010202,2
ISIC_0014559,1
ISIC_0013184,1
ISIC_0012898,5
ISIC_0002246,2
ISIC_0013984,1
ISIC_0011107,2
ISIC_0000323,2
ISIC_0012526,2
ISIC_0000026,1
ISIC_0010187,2
ISIC_0014150,2
ISIC_0000056,1
ISIC_0013495,2
ISIC_0014947,2
ISIC_0015969,2
ISIC_0014832,1
ISIC_0013039,2
ISIC_0011373,2
ISIC_0013501,1
ISIC_0012664,2
ISIC_0014926,2
ISIC_0000055,2
ISIC_0012969,2
ISIC_0000075,2
ISIC_0014765,2
ISIC_0015412,2
ISIC_0013816,2
ISIC_0011383,2
ISIC_0000203,2
ISIC_0014912,1
ISIC_0009991,2
ISIC_0009950,1
ISIC_0010570,2
ISIC_0014567,5
ISIC_0014994,2
ISIC_0009298,2
ISIC_0004110,2
ISIC_0013713,2
ISIC_0010569,2
ISIC_0011173,2
ISIC_0010581,2
ISIC_0008029,2
ISIC_0011157,2
ISIC_0000161,1
ISIC_0002616,2
ISIC_0010010,2
ISIC_0013783,1
ISIC_0001140,1
ISIC_0015220,5
ISIC_0012768,2
ISIC_0008992,2
ISIC_0012258,1
ISIC_0014657,2
ISIC_0000229,2
ISIC_0013696,1
ISIC_0014605,5
ISIC_0008879,2
ISIC_0015007,2
ISIC_0010023,1
ISIC_0000061,2
ISIC_0014623,5
ISIC_0015355,2
ISIC_0010212,2
ISIC_0011301,2
ISIC_0012191,2
ISIC_0014838,2
ISIC_0012669,2
ISIC_0014962,2
ISIC_0014715,2
ISIC_0000461,2
ISIC_0000477,2
ISIC_0014433,2
ISIC_0013217,2
ISIC_0014289,1
ISIC_0013594,1
ISIC_0014080,2
ISIC_0013216,2
ISIC_0015243,1
ISIC_0009975,2
ISIC_0000100,2
ISIC_0010596,1
ISIC_0010228,2
ISIC_0000525,2
ISIC_0010365,2
ISIC_0009201,2
ISIC_0010066,2
ISIC_0010860,1
ISIC_0015008,2
ISIC_0011347,2
ISIC_0012777,2
ISIC_0012253,2
ISIC_0012950,2
ISIC_0010341,2
ISIC_0013946,2
ISIC_0014640,5
ISIC_0012432,5
ISIC_0000151,1
ISIC_0010225,1
ISIC_0008116,2
ISIC_0012351,2
ISIC_0009881,2
ISIC_0011165,2
ISIC_0009967,2
ISIC_0000220,2
ISIC_0010232,2
ISIC_0014044,1
ISIC_0015975,2
ISIC_0012107,2
ISIC_0014610,5
ISIC_0013025,2
ISIC_0014270,1
ISIC_0011140,1
ISIC_0012538,2
ISIC_0013621,5
ISIC_0013196,2
ISIC_0001423,2
ISIC_0010102,2
ISIC_0010036,1
ISIC_0013315,2
ISIC_0010336,2
ISIC_0015258,2
ISIC_0003582,2
ISIC_0000508,2
ISIC_0013815,1
ISIC_0012203,2
ISIC_0013739,1
ISIC_0011177,2
ISIC_0011353,2
ISIC_0012288,1
ISIC_0013269,2
ISIC_0000189,2
ISIC_0016057,2
ISIC_0014349,1
ISIC_0000481,2
ISIC_0010169,2
ISIC_0011110,2
ISIC_0013181,2
ISIC_0014394,2
ISIC_0011163,1
ISIC_0013953,1
ISIC_0012136,5
ISIC_0016035,2
ISIC_0014217,1
ISIC_0000048,2
ISIC_0015115,1
ISIC_0000198,2
ISIC_0014998,2
ISIC_0012876,2
ISIC_0000117,2
ISIC_0012940,2
ISIC_0005187,2
ISIC_0010490,2
ISIC_0014513,1
ISIC_0000520,1
ISIC_0014749,2
ISIC_0010462,2
ISIC_0000223,2
ISIC_0013394,2
ISIC_0014742,2
ISIC_0000089,2
ISIC_0010498,2
ISIC_0008256,2
ISIC_0014651,5
ISIC_0013805,2
ISIC_0013249,2
ISIC_0014094,2
ISIC_0014249,1
ISIC_0013170,5
ISIC_0012713,2
ISIC_0015944,2
ISIC_0013719,2
ISIC_0012823,2
ISIC_0009920,2
ISIC_0015046,1
ISIC_0000021,2
ISIC_0014132,1
ISIC_0000201,2
ISIC_0013207,2
ISIC_0000487,1
ISIC_0012487,2
ISIC_0014518,1
ISIC_0011393,2
ISIC_0010567,2
ISIC_0014603,5
ISIC_0014961,2
ISIC_0001299,2
ISIC_0014117,2
ISIC_0000457,2
ISIC_0013178,5
ISIC_0013104,2
ISIC_0010597,1
ISIC_0013465,5
ISIC_0012741,2
ISIC_0000252,2
ISIC_0000246,2
ISIC_0016051,2
ISIC_0015395,2
ISIC_0011097,2
ISIC_0015582,2
ISIC_0014788,1
ISIC_0000101,2
ISIC_0013000,2
ISIC_0011149,2
ISIC_0012865,2
ISIC_0000480,2
ISIC_0009976,2
ISIC_0000274,2
ISIC_0014157,1
ISIC_0000482,1
ISIC_0000393,1
ISIC_0013397,5
ISIC_0013568,2
ISIC_0010322,1
ISIC_0013165,5
ISIC_0009980,2
ISIC_0001262,2
ISIC_0013886,2
ISIC_0013106,2
ISIC_0014317,2
ISIC_0000549,1
ISIC_0001134,1
ISIC_0000265,2
ISIC_0000514,2
ISIC_0000003,2
ISIC_0014845,2
ISIC_0014049,1
ISIC_0011083,2
ISIC_0013399,2
ISIC_0012510,5
ISIC_0015034,2
ISIC_0014675,2
ISIC_0011317,2
ISIC_0000491,2
ISIC_0015952,2
ISIC_0012282,5
ISIC_0010256,2
ISIC_0014929,2
ISIC_0001119,1
ISIC_0011084,2
ISIC_0015496,2
ISIC_0013606,1
ISIC_0012205,2
ISIC_0000062,2
ISIC_0010226,2
ISIC_0014770,5
ISIC_0000013,1
ISIC_0012379,5
ISIC_0015638,2
ISIC_0011349,1
ISIC_0014181,1
ISIC_0001296,2
ISIC_0010573,2
ISIC_0000169,1
ISIC_0014809,1
ISIC_0000342,2
ISIC_0009993,1
ISIC_0013333,5
ISIC_0010251,1
ISIC_0014891,1
ISIC_0013518,1
ISIC_0013065,5
ISIC_0014253,2
ISIC_0013173,2
ISIC_0015078,2
ISIC_0000232,2
ISIC_0014093,2
ISIC_0012105,2
ISIC_0010590,2
ISIC_0014173,1
ISIC_0015043,2
ISIC_0013073,1
ISIC_0009917,2
ISIC_0010041,2
ISIC_0000292,1
ISIC_0000099,2
ISIC_0014677,2
ISIC_0015256,1
ISIC_0000513,1
ISIC_0012911,2
ISIC_0013219,2
ISIC_0013459,1
ISIC_0000225,2
ISIC_0014357,1
ISIC_0009910,1
ISIC_0014868,2
ISIC_0000343,2
ISIC_0007475,2
ISIC_0000269,2
ISIC_0014365,2
ISIC_0000015,2
ISIC_0000416,2
ISIC_0000382,2
ISIC_0014027,1
ISIC_0011390,1
ISIC_0000004,1
ISIC_0011156,2
ISIC_0010190,2
ISIC_0010382,2
ISIC_0010189,1
ISIC_0012271,2
ISIC_0011358,2
ISIC_0010075,2
ISIC_0012742,2
ISIC_0000159,1
ISIC_0015160,2
ISIC_0016017,2
ISIC_0013112,2
ISIC_0011382,2
ISIC_0013778,2
ISIC_0013983,2
ISIC_0014500,5
ISIC_0014419,5
ISIC_0014708,2
ISIC_0014535,5
ISIC_0012434,1
ISIC_0000221,2
ISIC_0013291,2
ISIC_0015940,2
ISIC_0015309,2
ISIC_0000271,2
ISIC_0013802,2
ISIC_0015226,2
ISIC_0000028,2
ISIC_0011296,2
ISIC_0000518,1
ISIC_0012334,2
ISIC_0014913,2
ISIC_0000511,1
ISIC_0014768,2
ISIC_0012878,2
ISIC_0002489,2
ISIC_0013500,1
ISIC_0011204,2
ISIC_0012358,5
ISIC_0013874,1
ISIC_0009889,2
ISIC_0013141,1
ISIC_0010496,2
ISIC_0013908,1
ISIC_0013801,2
ISIC_0000348,2
ISIC_0014072,1
ISIC_0010017,2
ISIC_0012348,1
ISIC_0014755,2
ISIC_0015404,2
ISIC_0013675,2
ISIC_0013423,2
ISIC_0012770,2
ISIC_0013204,2
ISIC_0012221,2
ISIC_0016012,2
ISIC_0013615,1
ISIC_0010329,1
ISIC_0014062,1
ISIC_0011348,1
ISIC_0014857,1
ISIC_0012228,2
ISIC_0012856,5
ISIC_0015956,2
ISIC_0014139,5
ISIC_0013708,5
ISIC_0015152,2
ISIC_0000035,1
ISIC_0013072,1
ISIC_0012661,5
ISIC_0014430,2
ISIC_0013809,2
ISIC_0015994,2
ISIC_0000102,2
ISIC_0009981,2
ISIC_0014547,2
ISIC_0013835,2
ISIC_0015037,2
ISIC_0013371,5
ISIC_0001213,2
ISIC_0000081,2
ISIC_0012517,5
ISIC_0011338,2
ISIC_0010059,2
ISIC_0000215,2
ISIC_0013360,5
ISIC_0011397,2
ISIC_0016061,2
ISIC_0000471,2
ISIC_0015958,2
ISIC_0010213,2
ISIC_0011359,2
ISIC_0014814,2
ISIC_0010333,2
ISIC_0013026,2
ISIC_0013489,2
ISIC_0010236,2
ISIC_0012390,5
ISIC_0014949,2
ISIC_0014386,5
ISIC_0010445,2
ISIC_0001385,2
ISIC_0000029,1
ISIC_0012835,2
ISIC_0000353,2
ISIC_0014428,1
ISIC_0012674,2
ISIC_0016068,2
ISIC_0014144,1
ISIC_0007087,2
ISIC_0000547,1
ISIC_0005555,2
ISIC_0015023,2
ISIC_0015255,2
ISIC_0010089,1
ISIC_0000500,2
ISIC_0000420,1
ISIC_0014576,5
ISIC_0000455,2
ISIC_0012332,2
ISIC_0016034,2
ISIC_0011219,2
ISIC_0009914,2
ISIC_0010557,2
ISIC_0012201,2
ISIC_0013334,1
ISIC_0012663,2
ISIC_0013229,2
ISIC_0011220,2
ISIC_0000187,2
ISIC_0015993,2
ISIC_0000184,2
ISIC_0013424,2
ISIC_0015614,2
ISIC_0013294,2
ISIC_0013987,1
ISIC_0014903,2
ISIC_0006350,2
ISIC_0006982,2
ISIC_0000155,1
ISIC_0010479,2
ISIC_0009895,2
ISIC_0015082,1
ISIC_0014753,2
ISIC_0015936,2
ISIC_0011114,2
ISIC_0014921,2
ISIC_0005548,2
ISIC_0000175,1
ISIC_0000126,2
ISIC_0013023,2
ISIC_0010263,2
ISIC_0013140,2
ISIC_0000170,1
ISIC_0000152,1
ISIC_0014869,2
ISIC_0004985,2
ISIC_0014453,2
ISIC_0010090,2
ISIC_0014238,1
ISIC_0013341,5
ISIC_0009955,1
ISIC_0009940,2
ISIC_0013147,2
ISIC_0014680,2
ISIC_0013232,1
ISIC_0000186,2
ISIC_0000427,2
ISIC_0015179,2
ISIC_0009078,2
ISIC_0000451,2
ISIC_0000162,1
ISIC_0012415,5
ISIC_0012932,5
ISIC_0014099,1
ISIC_0000046,1
ISIC_0000359,2
ISIC_0015617,2
ISIC_0000298,1
ISIC_0013748,2
ISIC_0000138,2
ISIC_0010327,2
ISIC_0015056,2
ISIC_0009800,2
ISIC_0000504,2
ISIC_0014171,1
ISIC_0000364,2
ISIC_0010443,2
ISIC_0011298,2
ISIC_0009972,2
ISIC_0011137,1
ISIC_0000384,2
ISIC_0000206,2
ISIC_0015953,2
ISIC_0010351,2
ISIC_0012464,2
ISIC_0014920,1
ISIC_0013197,2
ISIC_0000254,2
ISIC_0014720,2
ISIC_0012137,1
ISIC_0014860,2
ISIC_0015957,2
ISIC_0014798,2
ISIC_0011303,2
ISIC_0015625,2
ISIC_0014800,1
ISIC_0009927,1
ISIC_0000244,2
ISIC_0010239,2
ISIC_0015950,2
ISIC_0010204,2
ISIC_0002093,2
ISIC_0000527,2
ISIC_0013782,5
ISIC_0013493,5
ISIC_0016024,2
ISIC_0013109,2
ISIC_0010194,1
ISIC_0016056,2
ISIC_0014848,2
ISIC_0014769,2
ISIC_0000037,2
ISIC_0012949,2
ISIC_0014975,1
ISIC_0000077,1
ISIC_0000000,2
ISIC_0014915,2
ISIC_0015447,2
ISIC_0013942,2
ISIC_0013862,2
ISIC_0000057,2
ISIC_0000016,2
ISIC_0009949,2
ISIC_0000484,1
ISIC_0015254,2
ISIC_0012740,2
ISIC_0015167,1
ISIC_0014302,1
ISIC_0014987,1
ISIC_0007344,2
ISIC_0009942,2
ISIC_0015057,2
ISIC_0011118,1
ISIC_0005666,2
ISIC_0011328,2
ISIC_0000120,2
ISIC_0012178,5
ISIC_0000381,2
ISIC_0014225,2
ISIC_0001204,2
ISIC_0013425,2
ISIC_0011155,2
ISIC_0001181,2
ISIC_0012208,1
ISIC_0014457,5
ISIC_0012494,2
ISIC_0014183,1
ISIC_0000092,2
ISIC_0013766,1
ISIC_0002885,2
ISIC_0015142,1
ISIC_0014337,1
ISIC_0010074,2
ISIC_0015284,1
ISIC_0014831,5
ISIC_0014685,2
ISIC_0012677,2
ISIC_0000104,2
ISIC_0013403,2
ISIC_0003559,2
ISIC_0015964,2
ISIC_0014506,1
ISIC_0010219,2
ISIC_0012261,2
ISIC_0000053,2
ISIC_0013737,2
ISIC_0013680,5
ISIC_0013977,5
ISIC_0000173,1
ISIC_0014221,1
ISIC_0011166,1
ISIC_0012108,2
ISIC_0014103,1
ISIC_0015566,2
ISIC_0013843,2
ISIC_0010374,2
ISIC_0009979,2
ISIC_0012989,1
ISIC_0009533,2
ISIC_0012726,2
ISIC_0001131,1
ISIC_0015273,2
ISIC_0014786,2
ISIC_0015963,2
ISIC_0013492,2
ISIC_0012357,2
ISIC_0012671,2
ISIC_0014156,1
ISIC_0012705,5
ISIC_0013045,2
ISIC_0000240,2
ISIC_0016027,2
ISIC_0013998,2
ISIC_0016008,2
ISIC_0000463,1
ISIC_0012792,5
ISIC_0010003,2
ISIC_0009583,2
ISIC_0000094,2
ISIC_0000486,2
ISIC_0002948,2
ISIC_0000235,2
ISIC_0013494,2
ISIC_0011224,2
ISIC_0015603,2
ISIC_0000116,2
ISIC_0014890,2
ISIC_0014806,5
ISIC_0014229,1
ISIC_0013579,1
ISIC_0013806,2
ISIC_0015945,2
ISIC_0000409,2
ISIC_0013048,2
ISIC_0000392,2
ISIC_0000212,2
ISIC_0000397,2
ISIC_0012090,5
ISIC_0014545,1
ISIC_0000294,1
ISIC_0010015,2
ISIC_0010241,1
ISIC_0014942,2
ISIC_0015369,2
ISIC_0006651,2
ISIC_0000039,2
ISIC_0001306,2
ISIC_0011121,1
ISIC_0011295,1
ISIC_0013203,5
ISIC_0000501,2
ISIC_0012248,5
ISIC_0014778,2
ISIC_0010442,2
ISIC_0000140,1
ISIC_0008541,2
ISIC_0014955,2
ISIC_0010455,2
ISIC_0014353,2
ISIC_0016041,2
ISIC_0015559,2
ISIC_0012852,5
ISIC_0012204,5
ISIC_0013146,5
ISIC_0016016,2
ISIC_0015132,1
ISIC_0013487,2
ISIC_0000380,2
ISIC_0010584,2
ISIC_0006815,2
ISIC_0013364,5
ISIC_0015983,2
ISIC_0000456,2
ISIC_0013288,2
ISIC_0015003,2
ISIC_0011202,2
ISIC_0006795,2
ISIC_0012529,2
ISIC_0000133,2
ISIC_0012495,2
ISIC_0013314,2
ISIC_0008785,2
ISIC_0015368,2
ISIC_0013311,2
ISIC_0012155,5
ISIC_0013136,2
ISIC_0014958,2
ISIC_0011169,1
ISIC_0015041,1
ISIC_0013458,5
ISIC_0000032,2
ISIC_0013155,2
ISIC_0011089,2
ISIC_0012325,2
ISIC_0012481,2
ISIC_0013936,1
ISIC_0013089,5
ISIC_0014316,1
ISIC_0014969,2
ISIC_0015962,2
ISIC_0000425,2
ISIC_0000043,1
ISIC_0013559,2
ISIC_0000209,2
ISIC_0010320,2
ISIC_0012094,2
ISIC_0016000,2
ISIC_0016055,2
ISIC_0013321,1
ISIC_0000218,2
ISIC_0000160,1
ISIC_0000519,1
ISIC_0013230,2
ISIC_0012223,5
ISIC_0010565,2
ISIC_0012212,2
ISIC_0014131,2
ISIC_0010022,2
ISIC_0014537,5
ISIC_0013796,2
ISIC_0010053,2
ISIC_0013187,2
ISIC_0000222,2
ISIC_0014186,1
ISIC_0000328,2
ISIC_0015184,2
ISIC_0000372,2
ISIC_0003308,2
ISIC_0011327,2
ISIC_0012884,5
ISIC_0015005,1
ISIC_0000275,2
ISIC_0009978,2
ISIC_0011131,2
ISIC_0012173,5
ISIC_0000142,1
ISIC_0014901,2
ISIC_0015185,1
ISIC_0008207,2
ISIC_0014288,1
ISIC_0012378,2
ISIC_0013472,1
ISIC_0000317,2
ISIC_0000403,2
ISIC_0009860,2
ISIC_0011386,2
ISIC_0016043,2
ISIC_0015245,2
ISIC_0013120,2
ISIC_0014938,2
ISIC_0010054,1
ISIC_0012956,2
ISIC_0013961,2
ISIC_0015203,2
ISIC_0012469,5
ISIC_0014779,2
ISIC_0000395,1
ISIC_0012988,1
ISIC_0012684,2
ISIC_0014804,5
ISIC_0001852,2
ISIC_0011109,2
ISIC_0013634,1
ISIC_0012097,2
ISIC_0012318,2
ISIC_0014174,2
ISIC_0013986,1
ISIC_0000281,1
ISIC_0013163,2
ISIC_0011171,2
ISIC_0014454,1
ISIC_0011344,1
ISIC_0010483,2
ISIC_0016064,2
ISIC_0010178,2
ISIC_0013474,5
ISIC_0010206,2
ISIC_0001133,1
ISIC_0013688,2
ISIC_0015997,2
ISIC_0000290,1
ISIC_0009758,2
ISIC_0014688,1
ISIC_0015291,2
ISIC_0000470,2
ISIC_0000344,2
ISIC_0012256,2
ISIC_0013578,1
ISIC_0000001,2
ISIC_0016029,2
ISIC_0012447,5
ISIC_0010100,2
ISIC_0015166,1
ISIC_0014943,2
ISIC_0015174,2
ISIC_0013227,2
ISIC_0013918,5
ISIC_0011161,1
ISIC_0007557,2
ISIC_0014639,5
ISIC_0012516,5
ISIC_0012548,5
ISIC_0012273,5
ISIC_0012206,2
ISIC_0010321,1
ISIC_0013374,1
ISIC_0015330,2
ISIC_0008347,2
ISIC_0013432,2
ISIC_0013429,1
ISIC_0002206,2
ISIC_0011345,2
ISIC_0010850,2
ISIC_0015204,1
ISIC_0013552,2
ISIC_0000329,2
ISIC_0015173,2
ISIC_0000107,2
ISIC_0013325,2
ISIC_0000167,1
ISIC_0009988,2
ISIC_0001427,2
ISIC_0000376,2
ISIC_0010005,2
ISIC_0014687,2
ISIC_0013674,1
ISIC_0000086,2
ISIC_0014197,2
ISIC_0013831,1
ISIC_0014581,5
ISIC_0007693,2
ISIC_0010441,1
ISIC_0010016,1
ISIC_0013921,2
ISIC_0014843,2
ISIC_0013126,2
ISIC_0012905,2
ISIC_0002353,2
ISIC_0015593,2
ISIC_0013656,2
ISIC_0000134,2
ISIC_0013044,2
ISIC_0012676,2
ISIC_0013306,2
ISIC_0014658,2
ISIC_0014692,2
ISIC_0013767,1
ISIC_0013410,2
ISIC_0000234,2
ISIC_0014730,2
ISIC_0010456,2
ISIC_0000322,2
ISIC_0009868,1
ISIC_0000207,2
ISIC_0009992,1
ISIC_0015206,1
ISIC_0015009,2
ISIC_0013238,2
ISIC_0008552,2
ISIC_0000124,2
ISIC_0013169,5
ISIC_0010493,2
ISIC_0013257,2
ISIC_0015136,1
ISIC_0015040,2
ISIC_0000080,2
ISIC_0012789,2
ISIC_0000172,1
ISIC_0013310,2
ISIC_0014952,2
ISIC_0001126,1
ISIC_0000165,1
ISIC_0014502,2
ISIC_0015150,2
ISIC_0014347,1
ISIC_0000259,2
ISIC_0002453,2
ISIC_0013070,2
ISIC_0012303,2
ISIC_0013084,2
ISIC_0014652,5
ISIC_0009873,2
ISIC_0012930,1
ISIC_0013134,5
ISIC_0012406,2
ISIC_0013223,5
ISIC_0016005,2
ISIC_0014548,1
ISIC_0000202,2
ISIC_0013618,1
ISIC_0002287,2
ISIC_0014663,1
ISIC_0010240,1
ISIC_0000345,2
ISIC_0011135,1
ISIC_0000509,2
ISIC_0014930,2
ISIC_0015645,2
ISIC_0010247,2
ISIC_0007760,2
ISIC_0013302,2
ISIC_0012245,5
ISIC_0014151,1
ISIC_0012268,2
ISIC_0009943,2
ISIC_0010852,1
ISIC_0014233,1
ISIC_0010262,2
ISIC_0013150,5
ISIC_0003005,2
ISIC_0010552,2
ISIC_0012680,2
ISIC_0013863,5
ISIC_0016004,2
ISIC_0015175,2
ISIC_0016046,2
ISIC_0014724,2
ISIC_0000074,1
ISIC_0012871,2
ISIC_0009160,2
ISIC_0012512,1
ISIC_0012233,2
ISIC_0000535,2
ISIC_0013461,2
ISIC_0015445,2
ISIC_0010183,2
ISIC_0014922,1
ISIC_0011162,2
ISIC_0009344,2
ISIC_0011402,2
ISIC_0000299,1
ISIC_0000219,2
ISIC_0013433,2
ISIC_0000324,2
ISIC_0012360,2
ISIC_0000288,1
ISIC_0015212,2
ISIC_0013222,2
ISIC_0015264,2
ISIC_0013400,5
ISIC_0014392,5
ISIC_0003462,2
ISIC_0015293,2
ISIC_0010173,2
ISIC_0012855,2
ISIC_0009875,2
ISIC_0012116,2
ISIC_0000190,2
ISIC_0014945,2
ISIC_0014966,2
ISIC_0006940,2
ISIC_0010337,2
ISIC_0006914,2
ISIC_0013948,1
ISIC_0015996,2
ISIC_0013636,1
ISIC_0000396,2
ISIC_0012889,5
ISIC_0000157,1
ISIC_0010853,2
ISIC_0014092,1
ISIC_0012965,2
ISIC_0012164,2
ISIC_0014665,2
ISIC_0013747,2
ISIC_0002879,2
ISIC_0010032,2
ISIC_0001186,2
ISIC_0015030,2
ISIC_0015295,5
ISIC_0000256,2
ISIC_0015079,1
ISIC_0016050,2
ISIC_0013573,1
ISIC_0000049,1
ISIC_0013390,2
ISIC_0000383,2
ISIC_0014927,2
ISIC_0000490,2
ISIC_0015390,2
ISIC_0010851,2
ISIC_0000054,1
ISIC_0012102,2
ISIC_0013128,2
ISIC_0009960,1
ISIC_0014169,5
ISIC_0010572,2
ISIC_0012710,2
ISIC_0000349,2
ISIC_0000530,2
ISIC_0014586,5
ISIC_0013558,2
ISIC_0015140,2
ISIC_0013922,2
ISIC_0011128,1
ISIC_0000025,2
ISIC_0015002,2
ISIC_0000436,2
ISIC_0015464,2
ISIC_0000079,2
ISIC_0013405,2
ISIC_0013595,2
ISIC_0000510,2
ISIC_0014601,5
ISIC_0010319,1
ISIC_0013226,2
ISIC_0012737,2
ISIC_0008406,2
ISIC_0012981,2
ISIC_0010238,2
ISIC_0011079,2
ISIC_0013233,2
ISIC_0008600,2
ISIC_0014160,1
ISIC_0012708,2
ISIC_0013490,1
ISIC_0010361,2
ISIC_0000494,2
ISIC_0015189,1
ISIC_0016013,2
ISIC_0012721,2
ISIC_0013235,2
ISIC_0013740,1
ISIC_0015031,2
ISIC_0015417,2
ISIC_0000337,2
ISIC_0000311,1
ISIC_0010220,2
ISIC_0013601,2
ISIC_0009928,2
ISIC_0010086,2
ISIC_0013975,1
ISIC_0011176,1
ISIC_0011167,2
ISIC_0012672,2
ISIC_0000125,2
ISIC_0016062,2
ISIC_0000460,2
ISIC_0010177,2
ISIC_0010457,2
ISIC_0013342,2
ISIC_0009897,1
ISIC_0013972,1
ISIC_0016058,2
ISIC_0000097,2
ISIC_0010476,1
ISIC_0000378,2
ISIC_0012690,2
ISIC_0014928,1
ISIC_0010472,2
ISIC_0011218,2
ISIC_0011205,2
ISIC_0012551,2
ISIC_0000374,2
ISIC_0011088,2
ISIC_0012657,2
ISIC_0012475,5
ISIC_0000135,2
ISIC_0012804,2
ISIC_0010554,2
ISIC_0014956,2
ISIC_0012739,2
ISIC_0013456,2
ISIC_0000153,1
ISIC_0011227,2
ISIC_0015411,2
ISIC_0014077,1
ISIC_0000377,2
ISIC_0005639,2
ISIC_0009994,2
ISIC_0012342,5
ISIC_0015050,1
ISIC_0009946,2
ISIC_0014395,1
ISIC_0014957,2
ISIC_0010346,2
ISIC_0015153,5
ISIC_0010599,2
ISIC_0014661,2
ISIC_0015980,2
ISIC_0015313,2
ISIC_0000499,2
ISIC_0000146,1
ISIC_0013007,2
ISIC_0014897,1
ISIC_0002488,2
ISIC_0001185,2
ISIC_0000354,2
ISIC_0013684,5
ISIC_0011208,2
ISIC_0012518,2
ISIC_0013032,2
ISIC_0000063,2
ISIC_0011144,2
ISIC_0016040,2
ISIC_0011123,2
ISIC_0014211,2
ISIC_0006114,2
ISIC_0000030,1
ISIC_0000127,2
ISIC_0000091,2
ISIC_0009935,2
ISIC_0013304,2
ISIC_0013733,1
ISIC_0014046,2
ISIC_0015013,2
ISIC_0014683,2
ISIC_0013015,2
ISIC_0013775,1
ISIC_0012523,2
ISIC_0012653,2
ISIC_0000111,2
ISIC_0012238,5
ISIC_0014946,1
ISIC_0016015,2
ISIC_0010603,2
ISIC_0015276,2
ISIC_0014632,5
ISIC_0015526,2
ISIC_0000278,1
ISIC_0000065,2
ISIC_0000479,2
ISIC_0014821,2
ISIC_0012746,2
ISIC_0014725,2
ISIC_0013565,1
ISIC_0013588,1
ISIC_0013676,2
ISIC_0010069,2
ISIC_0010492,2
ISIC_0014826,1
ISIC_0010034,1
ISIC_0002469,2
ISIC_0012715,1
ISIC_0012159,2
ISIC_0012539,2
ISIC_0012092,2
ISIC_0012281,2
ISIC_0013473,1
ISIC_0012681,2
ISIC_0000507,2
ISIC_0004168,2
ISIC_0000532,2
ISIC_0014189,1
ISIC_0013962,2
ISIC_0009188,2
ISIC_0014739,2
ISIC_0002439,2
ISIC_0011223,2
ISIC_0009931,2
ISIC_0015995,2
ISIC_0000047,2
ISIC_0015942,2
ISIC_0015941,2
ISIC_0000466,1
ISIC_0012338,2
ISIC_0015968,2
ISIC_0014195,2
ISIC_0015419,2
ISIC_0014158,2
ISIC_0013031,2
ISIC_0014628,5
ISIC_0003346,2
ISIC_0013047,2
ISIC_0013024,2
ISIC_0016069,2
ISIC_0013271,5
ISIC_0011334,1
ISIC_0000208,2
ISIC_0009956,2
ISIC_0009899,2
ISIC_0012213,2
ISIC_0009879,2
ISIC_0000007,2
ISIC_0012836,2
ISIC_0013499,1
ISIC_0015155,2
ISIC_0001188,2
ISIC_0014331,1
ISIC_0010439,2
ISIC_0000067,2
ISIC_0000488,2
ISIC_0004346,2
ISIC_0014743,2
ISIC_0013861,1
ISIC_0000236,2
ISIC_0013356,2
ISIC_0015360,2
ISIC_0000485,2
ISIC_0013428,2
ISIC_0015125,2
ISIC_0011085,2
ISIC_0000367,2
ISIC_0010571,2
ISIC_0014554,5
ISIC_0009933,2
ISIC_0010593,2
ISIC_0014187,1
ISIC_0012266,5
ISIC_0010047,2
ISIC_0014458,2
ISIC_0014032,5
ISIC_0000042,2
ISIC_0013395,2
ISIC_0013617,1
ISIC_0015156,1
ISIC_0015466,2
ISIC_0012966,2
ISIC_0011199,2
ISIC_0014441,2
ISIC_0014643,5
ISIC_0000366,2
ISIC_0013457,1
ISIC_0012891,2
ISIC_0012453,2
ISIC_0000447,2
ISIC_0000136,2
ISIC_0000183,2
ISIC_0014470,2
ISIC_0014434,1
ISIC_0011207,2
ISIC_0013437,2
ISIC_0015631,2
ISIC_0014469,2
ISIC_0009891,2
ISIC_0014542,1
ISIC_0014844,2
ISIC_0000521,1
ISIC_0000352,2
ISIC_0015627,2
ISIC_0012413,2
ISIC_0012450,1
ISIC_0000550,1
ISIC_0000538,2
ISIC_0009930,2
ISIC_0012957,2
ISIC_0012907,2
ISIC_0016026,2
ISIC_0014480,1
ISIC_0013840,1
ISIC_0012316,2
ISIC_0012511,2
ISIC_0000336,2
ISIC_0010020,2
ISIC_0013832,1
ISIC_0010192,2
ISIC_0010248,2
ISIC_0000319,2
ISIC_0010344,2
ISIC_0001118,1
ISIC_0010028,2
ISIC_0001871,2
ISIC_0010081,1
ISIC_0010024,1
ISIC_0013652,1
ISIC_0013172,2
ISIC_0012156,2
ISIC_0015223,2
ISIC_0014274,2
ISIC_0014129,1
ISIC_0010604,2
ISIC_0001128,1
ISIC_0014527,1
ISIC_0000316,2
ISIC_0009165,2
ISIC_0000900,2
ISIC_0016003,2
ISIC_0016072,2
ISIC_0014879,2
ISIC_0014625,5
ISIC_0012840,5
ISIC_0009977,2
ISIC_0000531,1
ISIC_0008403,2
ISIC_0002780,2
ISIC_0000358,2
ISIC_0000379,2
ISIC_0008659,2
ISIC_0008524,2
ISIC_0011130,1
ISIC_0012986,5
ISIC_0015251,1
ISIC_0009982,2
ISIC_0013585,5
ISIC_0013879,2
ISIC_0013667,5
ISIC_0014787,2
ISIC_0000469,1
ISIC_0010844,2
ISIC_0000242,2
ISIC_0015127,1
ISIC_0012655,2
ISIC_0013430,2
ISIC_0007141,2
ISIC_0000407,2
ISIC_0013086,2
ISIC_0015129,2
ISIC_0014361,1
ISIC_0012679,2
ISIC_0010174,1
ISIC_0015948,2
ISIC_0014802,2
ISIC_0010222,2
ISIC_0014299,2
ISIC_0014127,1
ISIC_0015015,2
ISIC_0013738,2
ISIC_0000534,2
ISIC_0012216,2
ISIC_0013176,2
ISIC_0013813,1
ISIC_0001275,2
ISIC_0015113,5
ISIC_0010042,2
ISIC_0015951,2
ISIC_0012149,2
ISIC_0012844,2
ISIC_0000251,2
ISIC_0014785,2
ISIC_0000419,2
ISIC_0015229,1
ISIC_0013526,2
ISIC_0015563,2
ISIC_0015163,1
ISIC_0012700,2
ISIC_0013833,1
ISIC_0013842,1
ISIC_0000078,1
ISIC_0014311,5
ISIC_0010018,2
ISIC_0014989,2
ISIC_0000300,1
ISIC_0000386,2
ISIC_0015943,2
ISIC_0014784,1
ISIC_0014635,5
ISIC_0012999,2
ISIC_0014973,2
ISIC_0012278,2
ISIC_0014026,2
ISIC_0016071,2
ISIC_0000093,2
ISIC_0000260,2
ISIC_0012222,2
ISIC_0012309,2
ISIC_0010029,1
ISIC_0012435,1
ISIC_0009888,2
ISIC_0011082,2
ISIC_0013159,2
ISIC_0000388,2
ISIC_0015218,2
ISIC_0013277,1
ISIC_0000448,2
ISIC_0000171,1
ISIC_0010323,2
ISIC_0007322,2
ISIC_0013320,2
ISIC_0000541,2
ISIC_0016065,2
ISIC_0010347,2
ISIC_0000442,2
ISIC_0000882,2
ISIC_0014762,2
ISIC_0013839,1
ISIC_0014791,2
ISIC_0013438,2
ISIC_0000537,2
ISIC_0002374,2
ISIC_0010078,2
ISIC_0000150,1
ISIC_0015961,2
ISIC_0016037,2
ISIC_0000164,1
ISIC_0012904,2
ISIC_0012232,2
ISIC_0009932,2
ISIC_0002459,2
ISIC_0013001,2
ISIC_0013516,2
ISIC_0013056,5
ISIC_0000307,1
ISIC_0000370,2
ISIC_0014583,5
ISIC_0000361,2
ISIC_0014746,2
ISIC_0011329,1
ISIC_0012299,5
ISIC_0010494,2
ISIC_0002976,2
ISIC_0016030,2
ISIC_0015216,2
ISIC_0004715,2
ISIC_0000105,2
ISIC_0013054,5
ISIC_0013063,5
ISIC_0014580,5
ISIC_0013326,2
ISIC_0001960,2
ISIC_0006800,2
ISIC_0013721,2
ISIC_0012484,2
ISIC_0009035,2
ISIC_0013330,2
ISIC_0012711,2
ISIC_0000109,2
ISIC_0010435,2
ISIC_0012773,5
ISIC_0010180,2
ISIC_0000012,2
ISIC_0014754,2
ISIC_0010349,1
ISIC_0012520,2
ISIC_0000017,2
ISIC_0000310,1
ISIC_0013758,2
ISIC_0014872,1
ISIC_0010356,2
ISIC_0010093,2
ISIC_0000283,1
ISIC_0000121,2
ISIC_0010062,2
ISIC_0010465,2
ISIC_0000224,2
ISIC_0013416,2
ISIC_0013082,2
ISIC_0013635,5
ISIC_0011212,2
ISIC_0015180,1
ISIC_0010057,2
ISIC_0013427,1
ISIC_0016025,2
ISIC_0012086,5
ISIC_0014108,1
ISIC_0000103,2
ISIC_0010340,2
ISIC_0015124,1
ISIC_0014577,5
ISIC_0000320,2
ISIC_0011225,2
ISIC_0013242,1
ISIC_0009953,2
ISIC_0009936,2
ISIC_0016052,2
ISIC_0000331,2
ISIC_0012118,2
ISIC_0000515,2
ISIC_0012363,2
ISIC_0005000,2
ISIC_0013455,1
ISIC_0006711,2
ISIC_0014898,2
ISIC_0000128,2
ISIC_0014422,1
ISIC_0000340,2
ISIC_0015401,2
ISIC_0016053,2
ISIC_0013319,5
ISIC_0013637,5
ISIC_0012719,5
ISIC_0014325,1
ISIC_0015219,1
ISIC_0012665,2
ISIC_0011343,2
ISIC_0013027,2
ISIC_0013911,2
ISIC_0012506,2
ISIC_0011385,2
ISIC_0011150,2
ISIC_0013094,2
ISIC_0015974,2
ISIC_0000473,2
ISIC_0012702,2
ISIC_0010602,2
ISIC_0010077,2
ISIC_0012670,2
ISIC_0002806,2
ISIC_0000495,2
ISIC_0013772,2
ISIC_0013053,2
ISIC_0000110,2
ISIC_0014728,2
ISIC_0012675,2
ISIC_0010021,2
ISIC_0010201,2
ISIC_0000431,2
ISIC_0012235,2
ISIC_0011398,2
ISIC_0014642,5
ISIC_0009970,2
ISIC_0014702,2
ISIC_0009297,2
ISIC_0010058,2
ISIC_0013192,2
ISIC_0001184,2
ISIC_0013365,1
ISIC_0000181,2
ISIC_0000059,2
ISIC_0015018,2
ISIC_0011356,1
ISIC_0009252,2
ISIC_0000357,2
ISIC_0001267,2
ISIC_0013709,5
ISIC_0011105,2
ISIC_0000020,2
ISIC_0011230,2
ISIC_0010009,2
ISIC_0000058,2
ISIC_0014834,2
ISIC_0015939,2
ISIC_0012259,2
ISIC_0010587,1
ISIC_0000112,2
ISIC_0013910,5
ISIC_0012658,2
ISIC_0012550,2
ISIC_0010364,1
ISIC_0010595,2
ISIC_0013166,5
ISIC_0004309,2
ISIC_0006021,2
ISIC_0011112,1
ISIC_0000255,2
ISIC_0011292,2
ISIC_0010186,2
ISIC_0010175,1
ISIC_0010043,2
ISIC_0010846,2
ISIC_0014835,2
ISIC_0014410,5
ISIC_0000552,1
ISIC_0014475,2
ISIC_0015051,2
ISIC_0011115,2
ISIC_0011228,2
ISIC_0012260,2
ISIC_0014735,1
ISIC_0000147,1
ISIC_0011104,2
ISIC_0006612,2
ISIC_0014136,1
ISIC_0011384,2
ISIC_0000545,2
ISIC_0015440,2
ISIC_0010858,2
ISIC_0015170,5
ISIC_0012654,2
ISIC_0015139,2
ISIC_0000413,1
ISIC_0012720,5
ISIC_0000418,2
ISIC_0009951,2
ISIC_0000087,2
ISIC_0009941,2
ISIC_0010339,2
ISIC_0013411,1
ISIC_0015311,2
ISIC_0013075,2
ISIC_0016009,2
ISIC_0000390,1
ISIC_0000458,2
ISIC_0012473,5
ISIC_0010370,2
ISIC_0000315,2
ISIC_0016038,2
ISIC_0000179,2
ISIC_0010235,1
ISIC_0012826,2
ISIC_0010362,2
ISIC_0013777,1
ISIC_0000064,2
ISIC_0013836,2
ISIC_0000439,2
ISIC_0014729,2
ISIC_0010055,2
ISIC_0014081,2
ISIC_0014385,1
ISIC_0011098,2
ISIC_0012704,5
ISIC_0013581,1
ISIC_0014114,2
ISIC_0012941,2
ISIC_0012391,1
ISIC_0012489,2
ISIC_0013511,2
ISIC_0000277,1
ISIC_0014001,2
ISIC_0013794,2
ISIC_0014486,1
ISIC_0014780,2
ISIC_0000027,2
ISIC_0011119,2
ISIC_0014808,2
ISIC_0012945,2
ISIC_0010061,2
ISIC_0000051,2
ISIC_0010566,2
ISIC_0010330,2
ISIC_0010568,2
ISIC_0005620,2
ISIC_0012323,5
ISIC_0009947,2
ISIC_0013220,2
ISIC_0014529,2
ISIC_0010379,1
ISIC_0014932,1
ISIC_0014696,2
ISIC_0000210,2
ISIC_0014911,2
ISIC_0000554,1
ISIC_0009995,2
ISIC_0014707,2
ISIC_0012735,2
ISIC_0015062,5
ISIC_0000346,2
ISIC_0012143,5
ISIC_0012147,2
ISIC_0000095,2
ISIC_0014933,2
ISIC_0015641,2
ISIC_0000303,1
ISIC_0003056,2
ISIC_0000108,2
ISIC_0010267,1
ISIC_0015946,2
ISIC_0012285,2
ISIC_0001212,2
ISIC_0011099,1
ISIC_0008993,2
ISIC_0014968,2
ISIC_0002476,2
ISIC_0013804,2
ISIC_0012099,1
ISIC_0000247,2
ISIC_0013671,1
ISIC_0015973,2
ISIC_0003805,2
ISIC_0000019,2
ISIC_0012311,2
ISIC_0000143,1
ISIC_0009939,2
ISIC_0012230,2
ISIC_0012682,2
ISIC_0014792,2
ISIC_0012381,2
ISIC_0015971,2
ISIC_0013798,2
ISIC_0015071,1
ISIC_0011339,2
ISIC_0014773,2
ISIC_0006671,2
ISIC_0009961,2
ISIC_0015436,2
ISIC_0010231,1
ISIC_0012376,2
ISIC_0002251,2
ISIC_0000365,2
ISIC_0012177,2
ISIC_0014273,5
ISIC_0013897,2
ISIC_0015481,2
ISIC_0013988,1
ISIC_0015274,2
ISIC_0015130,2
ISIC_0011333,2
ISIC_0013888,2
ISIC_0013844,1
ISIC_0014818,2
ISIC_0008280,2
ISIC_0012329,5
ISIC_0012503,2
ISIC_0011213,2
ISIC_0013562,2
ISIC_0014923,2
ISIC_0014423,1
ISIC_0015568,2
ISIC_0013274,2
ISIC_0013689,2
ISIC_0012699,2
ISIC_0015019,2
ISIC_0001103,1
ISIC_0000261,2
ISIC_0007038,2
ISIC_0009083,2
ISIC_0011352,2
